URL,Type,Indexable,HTTP Status,Sitemap,Canonical,Canonical URL,Schema Valid,Schema Types,llms.txt,Noindex
https://jtnprintable.com/404.html,404,N,200,N,Y,https://jtnprintable.com/404.html,Y,,N,Y
https://jtnprintable.com/art-deco-cocktail-bar-wall-art/,interior,Y,200,Y,Y,https://jtnprintable.com/art-deco-cocktail-bar-wall-art/,Y,"FAQPage, Organization, WebSite, BreadcrumbList",Y,N
https://jtnprintable.com/beach-house-bathroom-wall-art/,interior,Y,200,Y,Y,https://jtnprintable.com/beach-house-bathroom-wall-art/,Y,"Organization, WebSite, BreadcrumbList",Y,N
https://jtnprintable.com/blue-hydrangea-sailboat-wall-art/,interior,Y,200,Y,Y,https://jtnprintable.com/blue-hydrangea-sailboat-wall-art/,Y,"Organization, WebSite, BreadcrumbList",Y,N
https://jtnprintable.com/boho-desert-bedroom-wall-art/,interior,Y,200,Y,Y,https://jtnprintable.com/boho-desert-bedroom-wall-art/,Y,"FAQPage, Organization, WebSite, BreadcrumbList",Y,N
https://jtnprintable.com/brutalist-home-office-wall-art/,interior,Y,200,Y,Y,https://jtnprintable.com/brutalist-home-office-wall-art/,Y,"FAQPage, Organization, WebSite, BreadcrumbList",Y,N
https://jtnprintable.com/celestial-moon-phase-bedroom-wall-art/,interior,Y,200,Y,Y,https://jtnprintable.com/celestial-moon-phase-bedroom-wall-art/,Y,"FAQPage, Organization, WebSite, BreadcrumbList",Y,N
https://jtnprintable.com/coastal-cottage-wall-art/,interior,Y,200,Y,Y,https://jtnprintable.com/coastal-cottage-wall-art/,Y,"Organization, WebSite, BreadcrumbList",Y,N
https://jtnprintable.com/coastal-grandmother-bedroom-wall-art/,interior,Y,200,Y,Y,https://jtnprintable.com/coastal-grandmother-bedroom-wall-art/,Y,"FAQPage, Organization, WebSite, BreadcrumbList",Y,N
https://jtnprintable.com/cottagecore-botanical-wall-art/,interior,Y,200,Y,Y,https://jtnprintable.com/cottagecore-botanical-wall-art/,Y,"Article, FAQPage, Organization, WebSite, BreadcrumbList",Y,N
https://jtnprintable.com/cozy-bakery-kitchen-wall-art/,interior,Y,200,Y,Y,https://jtnprintable.com/cozy-bakery-kitchen-wall-art/,Y,"Organization, WebSite, BreadcrumbList",Y,N
https://jtnprintable.com/cyberpunk-japan-gaming-room-wall-art/,interior,Y,200,Y,Y,https://jtnprintable.com/cyberpunk-japan-gaming-room-wall-art/,Y,"Organization, WebSite, BreadcrumbList",Y,N
https://jtnprintable.com/dark-academia-library-wall-art/,interior,Y,200,Y,Y,https://jtnprintable.com/dark-academia-library-wall-art/,Y,"Organization, WebSite, BreadcrumbList",Y,N
https://jtnprintable.com/deep-sea-creatures-gallery-wall/,interior,Y,200,Y,Y,https://jtnprintable.com/deep-sea-creatures-gallery-wall/,Y,"FAQPage, Organization, WebSite, BreadcrumbList",Y,N
https://jtnprintable.com/deep-space-nebula-wall-art/,interior,Y,200,Y,Y,https://jtnprintable.com/deep-space-nebula-wall-art/,Y,"Article, FAQPage, Organization, WebSite, BreadcrumbList",Y,N
https://jtnprintable.com/desert-observatory-wall-art/,interior,Y,200,Y,Y,https://jtnprintable.com/desert-observatory-wall-art/,Y,"Organization, WebSite, BreadcrumbList",Y,N
https://jtnprintable.com/digital-download-help/,interior,Y,200,Y,Y,https://jtnprintable.com/digital-download-help/,Y,"FAQPage, Organization, WebSite, BreadcrumbList",Y,N
https://jtnprintable.com/english-country-manor-gallery-wall/,interior,Y,200,Y,Y,https://jtnprintable.com/english-country-manor-gallery-wall/,Y,"FAQPage, Organization, WebSite, BreadcrumbList",Y,N
https://jtnprintable.com/equestrian-tack-room-wall-art/,interior,Y,200,Y,Y,https://jtnprintable.com/equestrian-tack-room-wall-art/,Y,"Article, FAQPage, Organization, WebSite, BreadcrumbList",Y,N
https://jtnprintable.com/folk-art-bird-prints-gallery-wall/,interior,Y,200,Y,Y,https://jtnprintable.com/folk-art-bird-prints-gallery-wall/,Y,"Article, FAQPage, Organization, WebSite, BreadcrumbList",Y,N
https://jtnprintable.com/fossil-paleontology-wall-art/,interior,Y,200,Y,Y,https://jtnprintable.com/fossil-paleontology-wall-art/,Y,"FAQPage, Organization, WebSite, BreadcrumbList",Y,N
https://jtnprintable.com/french-countryside-gallery-wall/,interior,Y,200,Y,Y,https://jtnprintable.com/french-countryside-gallery-wall/,Y,"FAQPage, Organization, WebSite, BreadcrumbList",Y,N
https://jtnprintable.com/gardening-potting-shed-wall-art/,interior,Y,200,Y,Y,https://jtnprintable.com/gardening-potting-shed-wall-art/,Y,"FAQPage, Organization, WebSite, BreadcrumbList",Y,N
https://jtnprintable.com/heirloom-tomato-kitchen-wall-art/,interior,Y,200,Y,Y,https://jtnprintable.com/heirloom-tomato-kitchen-wall-art/,Y,"Article, FAQPage, Organization, WebSite, BreadcrumbList",Y,N
https://jtnprintable.com/heritage-tennis-club-wall-art/,interior,Y,200,Y,Y,https://jtnprintable.com/heritage-tennis-club-wall-art/,Y,"FAQPage, Organization, WebSite, BreadcrumbList",Y,N
https://jtnprintable.com/high-desert-wind-turbine-wall-art/,interior,Y,200,Y,Y,https://jtnprintable.com/high-desert-wind-turbine-wall-art/,Y,"Article, FAQPage, Organization, WebSite, BreadcrumbList",Y,N
https://jtnprintable.com/horse-lover-home-office-decor/,interior,Y,200,Y,Y,https://jtnprintable.com/horse-lover-home-office-decor/,Y,"Organization, WebSite, BreadcrumbList",Y,N
https://jtnprintable.com/how-to-print-printable-wall-art/,interior,Y,200,Y,Y,https://jtnprintable.com/how-to-print-printable-wall-art/,Y,"Organization, WebSite, BreadcrumbList",Y,N
https://jtnprintable.com/,homepage,Y,200,Y,Y,https://jtnprintable.com/,Y,"CollectionPage, Organization, WebSite",Y,N
https://jtnprintable.com/mahjong-game-room-wall-art/,interior,Y,200,Y,Y,https://jtnprintable.com/mahjong-game-room-wall-art/,Y,"Article, Organization, WebSite, BreadcrumbList",Y,N
https://jtnprintable.com/maximalist-gallery-wall-art/,interior,Y,200,Y,Y,https://jtnprintable.com/maximalist-gallery-wall-art/,Y,"FAQPage, Organization, WebSite, BreadcrumbList",Y,N
https://jtnprintable.com/medieval-castle-wall-art/,interior,Y,200,Y,Y,https://jtnprintable.com/medieval-castle-wall-art/,Y,"Article, Organization, WebSite, BreadcrumbList",Y,N
https://jtnprintable.com/microscopic-botanical-cells-wall-art/,interior,Y,200,Y,Y,https://jtnprintable.com/microscopic-botanical-cells-wall-art/,Y,"FAQPage, Organization, WebSite, BreadcrumbList",Y,N
https://jtnprintable.com/mineral-crystal-geology-wall-art/,interior,Y,200,Y,Y,https://jtnprintable.com/mineral-crystal-geology-wall-art/,Y,"Article, FAQPage, Organization, WebSite, BreadcrumbList",Y,N
https://jtnprintable.com/minimalist-chess-game-room-wall-art/,interior,Y,200,Y,Y,https://jtnprintable.com/minimalist-chess-game-room-wall-art/,Y,"FAQPage, Organization, WebSite, BreadcrumbList",Y,N
https://jtnprintable.com/moody-billiards-game-room-wall-art/,interior,Y,200,Y,Y,https://jtnprintable.com/moody-billiards-game-room-wall-art/,Y,"FAQPage, Organization, WebSite, BreadcrumbList",Y,N
https://jtnprintable.com/moody-city-bedroom-wall-art/,interior,Y,200,Y,Y,https://jtnprintable.com/moody-city-bedroom-wall-art/,Y,"FAQPage, Organization, WebSite, BreadcrumbList",Y,N
https://jtnprintable.com/moody-dining-room-wall-art/,interior,Y,200,Y,Y,https://jtnprintable.com/moody-dining-room-wall-art/,Y,"Article, Organization, WebSite, BreadcrumbList",Y,N
https://jtnprintable.com/moody-weather-room-wall-art/,interior,Y,200,Y,Y,https://jtnprintable.com/moody-weather-room-wall-art/,Y,"FAQPage, Organization, WebSite, BreadcrumbList",Y,N
https://jtnprintable.com/nautical-studio-wall-art/,interior,Y,200,Y,Y,https://jtnprintable.com/nautical-studio-wall-art/,Y,"FAQPage, Organization, WebSite, BreadcrumbList",Y,N
https://jtnprintable.com/neutral-mediterranean-wall-art/,interior,Y,200,Y,Y,https://jtnprintable.com/neutral-mediterranean-wall-art/,Y,"FAQPage, Organization, WebSite, BreadcrumbList",Y,N
https://jtnprintable.com/nordic-sauna-wall-art/,interior,Y,200,Y,Y,https://jtnprintable.com/nordic-sauna-wall-art/,Y,"Article, FAQPage, Organization, WebSite, BreadcrumbList",Y,N
https://jtnprintable.com/nursery-and-personalized-printable-art/,interior,Y,200,Y,Y,https://jtnprintable.com/nursery-and-personalized-printable-art/,Y,"CollectionPage, Organization, WebSite, BreadcrumbList",Y,N
https://jtnprintable.com/pickleball-game-room-wall-art/,interior,Y,200,Y,Y,https://jtnprintable.com/pickleball-game-room-wall-art/,Y,"FAQPage, Organization, WebSite, BreadcrumbList",Y,N
https://jtnprintable.com/preppy-croquet-game-room-wall-art/,interior,Y,200,Y,Y,https://jtnprintable.com/preppy-croquet-game-room-wall-art/,Y,"FAQPage, Organization, WebSite, BreadcrumbList",Y,N
https://jtnprintable.com/preppy-mahjong-game-room-decor/,interior,Y,200,Y,Y,https://jtnprintable.com/preppy-mahjong-game-room-decor/,Y,"Organization, WebSite, BreadcrumbList",Y,N
https://jtnprintable.com/printable-art-formats-and-gallery-sets/,interior,Y,200,Y,Y,https://jtnprintable.com/printable-art-formats-and-gallery-sets/,Y,"CollectionPage, Organization, WebSite, BreadcrumbList",Y,N
https://jtnprintable.com/printable-art-moods-and-trends/,interior,Y,200,Y,Y,https://jtnprintable.com/printable-art-moods-and-trends/,Y,"CollectionPage, Organization, WebSite, BreadcrumbList",Y,N
https://jtnprintable.com/printable-gallery-wall-sets/,interior,Y,200,Y,Y,https://jtnprintable.com/printable-gallery-wall-sets/,Y,"Organization, WebSite, BreadcrumbList",Y,N
https://jtnprintable.com/printable-wall-art-by-room/,interior,Y,200,Y,Y,https://jtnprintable.com/printable-wall-art-by-room/,Y,"CollectionPage, Organization, WebSite, BreadcrumbList",Y,N
https://jtnprintable.com/printable-wall-art-colors/,interior,Y,200,Y,Y,https://jtnprintable.com/printable-wall-art-colors/,Y,"CollectionPage, Organization, WebSite, BreadcrumbList",Y,N
https://jtnprintable.com/printable-wall-art-for-occasions/,interior,Y,200,Y,Y,https://jtnprintable.com/printable-wall-art-for-occasions/,Y,"CollectionPage, Organization, WebSite, BreadcrumbList",Y,N
https://jtnprintable.com/printable-wall-art-gifts/,interior,Y,200,Y,Y,https://jtnprintable.com/printable-wall-art-gifts/,Y,"CollectionPage, Organization, WebSite, BreadcrumbList",Y,N
https://jtnprintable.com/printable-wall-art-styles/,interior,Y,200,Y,Y,https://jtnprintable.com/printable-wall-art-styles/,Y,"CollectionPage, Organization, WebSite, BreadcrumbList",Y,N
https://jtnprintable.com/printable-wall-art-subjects/,interior,Y,200,Y,Y,https://jtnprintable.com/printable-wall-art-subjects/,Y,"CollectionPage, Organization, WebSite, BreadcrumbList",Y,N
https://jtnprintable.com/redwood-forest-fog-canopy-wall-art/,interior,Y,200,Y,Y,https://jtnprintable.com/redwood-forest-fog-canopy-wall-art/,Y,"FAQPage, Organization, WebSite, BreadcrumbList",Y,N
https://jtnprintable.com/retro-bowling-game-room-wall-art/,interior,Y,200,Y,Y,https://jtnprintable.com/retro-bowling-game-room-wall-art/,Y,"FAQPage, Organization, WebSite, BreadcrumbList",Y,N
https://jtnprintable.com/retro-cherry-kitchen-wall-art/,interior,Y,200,Y,Y,https://jtnprintable.com/retro-cherry-kitchen-wall-art/,Y,"Article, Organization, WebSite, BreadcrumbList",Y,N
https://jtnprintable.com/river-species-cabin-wall-art/,interior,Y,200,Y,Y,https://jtnprintable.com/river-species-cabin-wall-art/,Y,"FAQPage, Organization, WebSite, BreadcrumbList",Y,N
https://jtnprintable.com/rowing-lake-house-wall-art/,interior,Y,200,Y,Y,https://jtnprintable.com/rowing-lake-house-wall-art/,Y,"FAQPage, Organization, WebSite, BreadcrumbList",Y,N
https://jtnprintable.com/solarpunk-city-wall-art/,interior,Y,200,Y,Y,https://jtnprintable.com/solarpunk-city-wall-art/,Y,"Article, FAQPage, Organization, WebSite, BreadcrumbList",Y,N
https://jtnprintable.com/storm-chaser-office-decor/,interior,Y,200,Y,Y,https://jtnprintable.com/storm-chaser-office-decor/,Y,"FAQPage, Organization, WebSite, BreadcrumbList",Y,N
https://jtnprintable.com/storm-supercell-plains-wall-art/,interior,Y,200,Y,Y,https://jtnprintable.com/storm-supercell-plains-wall-art/,Y,"Article, FAQPage, Organization, WebSite, BreadcrumbList",Y,N
https://jtnprintable.com/storm-supercell-wall-art/,interior,N,200,N,N,https://jtnprintable.com/storm-supercell-plains-wall-art/,Y,,N,Y
https://jtnprintable.com/stratospheric-balloon-office-wall-art/,interior,Y,200,Y,Y,https://jtnprintable.com/stratospheric-balloon-office-wall-art/,Y,"FAQPage, Organization, WebSite, BreadcrumbList",Y,N
https://jtnprintable.com/tinned-sardine-kitchen-wall-art/,interior,Y,200,Y,Y,https://jtnprintable.com/tinned-sardine-kitchen-wall-art/,Y,"Organization, WebSite, BreadcrumbList",Y,N
https://jtnprintable.com/tropical-aquarium-wall-art/,interior,Y,200,Y,Y,https://jtnprintable.com/tropical-aquarium-wall-art/,Y,"Article, FAQPage, Organization, WebSite, BreadcrumbList",Y,N
https://jtnprintable.com/tundra-reindeer-wall-art/,interior,Y,200,Y,Y,https://jtnprintable.com/tundra-reindeer-wall-art/,Y,"FAQPage, Organization, WebSite, BreadcrumbList",Y,N
https://jtnprintable.com/up-north-cottage-printable-wall-art/,interior,Y,200,Y,Y,https://jtnprintable.com/up-north-cottage-printable-wall-art/,Y,"Article, FAQPage, Organization, WebSite, BreadcrumbList",Y,N
https://jtnprintable.com/vintage-mushroom-botanical-wall-art/,interior,Y,200,Y,Y,https://jtnprintable.com/vintage-mushroom-botanical-wall-art/,Y,"FAQPage, Organization, WebSite, BreadcrumbList",Y,N
https://jtnprintable.com/volcano-glass-workshop-wall-art/,interior,Y,200,Y,Y,https://jtnprintable.com/volcano-glass-workshop-wall-art/,Y,"Article, FAQPage, Organization, WebSite, BreadcrumbList",Y,N
https://jtnprintable.com/woodland-nursery-gallery-wall/,interior,Y,200,Y,Y,https://jtnprintable.com/woodland-nursery-gallery-wall/,Y,"Article, FAQPage, Organization, WebSite, BreadcrumbList",Y,N
